{"cameraMode":{"drawMode":0,"name":"Shaded","section":"Shading Mode"},"sceneLighting":false,"audioPlay":false,"sceneViewState":{"m_AlwaysRefresh":false,"showFog":true,"showSkybox":false,"showFlares":true,"showImageEffects":true,"showParticleSystems":true,"showVisualEffectGraphs":true,"m_FxEnabled":true},"in2DMode":false,"pivot":{"x":-0.08888792991638184,"y":0.14146196842193604,"z":0.23169773817062379},"rotation":{"x":-0.171138733625412,"y":-0.6374318599700928,"z":0.14811453223228455,"w":-0.7365211248397827},"size":3.390667676925659,"orthographic":false}